{"cameraMode":{"drawMode":0,"name":"Shaded","section":"Shading Mode"},"sceneLighting":true,"audioPlay":false,"sceneViewState":{"m_AlwaysRefresh":false,"showFog":true,"showSkybox":true,"showFlares":true,"showImageEffects":true,"showParticleSystems":true,"showVisualEffectGraphs":true,"m_FxEnabled":true},"in2DMode":false,"pivot":{"x":52.511131286621097,"y":-9.297852516174317,"z":31.949722290039064},"rotation":{"x":0.09333863854408264,"y":0.24583251774311067,"z":-0.02524600364267826,"w":0.9647319912910461},"size":27.575273513793947,"orthographic":false}