{"cameraMode":{"drawMode":0,"name":"Shaded","section":"Shading Mode"},"sceneLighting":true,"audioPlay":false,"sceneViewState":{"m_AlwaysRefresh":false,"showFog":true,"showSkybox":true,"showFlares":true,"showImageEffects":true,"showParticleSystems":true,"showVisualEffectGraphs":true,"m_FxEnabled":true},"in2DMode":false,"pivot":{"x":20.18189811706543,"y":-28.703035354614259,"z":42.979148864746097},"rotation":{"x":0.18631069362163545,"y":0.12460900098085404,"z":-0.02382642962038517,"w":0.9750590920448303},"size":22.994747161865236,"orthographic":true}