{"cameraMode":{"drawMode":0,"name":"Shaded","section":"Shading Mode"},"sceneLighting":true,"audioPlay":false,"sceneViewState":{"m_AlwaysRefresh":false,"showFog":true,"showSkybox":true,"showFlares":true,"showImageEffects":true,"showParticleSystems":true,"showVisualEffectGraphs":true,"m_FxEnabled":true},"in2DMode":false,"pivot":{"x":33.348262786865237,"y":1.3227040767669678,"z":9.742842674255371},"rotation":{"x":0.0532820001244545,"y":-0.02761375531554222,"z":0.0011861904058605433,"w":0.9983429312705994},"size":6.083595275878906,"orthographic":false}