{"cameraMode":{"drawMode":0,"name":"Shaded","section":"Shading Mode"},"sceneLighting":false,"audioPlay":false,"sceneViewState":{"m_AlwaysRefresh":false,"showFog":true,"showSkybox":false,"showFlares":true,"showImageEffects":true,"showParticleSystems":true,"showVisualEffectGraphs":true,"m_FxEnabled":true},"in2DMode":false,"pivot":{"x":170.0634307861328,"y":33.372806549072269,"z":226.94033813476563},"rotation":{"x":-0.11355965584516525,"y":-0.13466434180736543,"z":-0.021493572741746904,"w":0.9837935566902161},"size":71.24966430664063,"orthographic":false}